NumberOfHashFunctions, k, JaccardSimilarity
500, 0, 100.0
500, 1, 100.0
500, 2, 100.0
500, 3, 96.24000000000001
500, 4, 83.76
500, 5, 63.720000000000006
500, 6, 40.64
500, 7, 27.76
500, 8, 17.16
500, 9, 9.879999999999999
500, 10, 6.92
500, 11, 3.88
500, 12, 1.8799999999999997
500, 13, 1.8399999999999999
500, 14, 1.36
500, 15, 0.36
