NumberOfHashFunctions, k, JaccardSimilarity
1000, 0, 100.0
1000, 1, 100.0
1000, 2, 100.0
1000, 3, 96.56
1000, 4, 84.35999999999999
1000, 5, 61.739999999999995
1000, 6, 41.24
1000, 7, 27.459999999999997
1000, 8, 12.780000000000001
1000, 9, 10.040000000000001
1000, 10, 7.2
1000, 11, 4.1000000000000005
1000, 12, 2.4200000000000004
1000, 13, 2.0
1000, 14, 1.1
1000, 15, 0.34
