NumberOfHashFunctions, k, JaccardSimilarity
250, 0, 100.0
250, 1, 100.0
250, 2, 100.0
250, 3, 95.67999999999999
250, 4, 83.75999999999999
250, 5, 63.839999999999996
250, 6, 40.56
250, 7, 27.6
250, 8, 17.36
250, 9, 10.24
250, 10, 6.720000000000001
250, 11, 3.84
250, 12, 2.1599999999999997
250, 13, 2.48
250, 14, 1.8399999999999999
250, 15, 0.48
