NumberOfHashFunctions, k, JaccardSimilarity
750, 0, 100.0
750, 1, 100.0
750, 2, 100.0
750, 3, 96.39999999999999
750, 4, 84.13333999999999
750, 5, 61.92002
750, 6, 39.68
750, 7, 26.079999999999995
750, 8, 13.919999999999998
750, 9, 9.41334
750, 10, 6.0
750, 11, 4.106668000000001
750, 12, 2.186668
750, 13, 1.6800000000000002
750, 14, 1.173336
750, 15, 0.26666660000000003
