Number of Hash Functions, k, Jaccard Similarity
150, 0, 100
150, 1, 100
150, 2, 100
150, 3, 97.3333
150, 4, 83.3333
150, 5, 62.6667
150, 6, 43.3333
150, 7, 27.3333
150, 8, 14.6667
150, 9, 11.3333
150, 10, 8.66667
150, 11, 3.33333
150, 12, 3.33333
150, 13, 2.66667
150, 14, 2
150, 15, 0.666667
150, 16, 0.666667
150, 17, 0.666667
150, 18, 1.33333
150, 19, 2
150, 20, 2.66667
