Number of Hash Functions, k, Jaccard Similarity
600, 0, 100
600, 1, 100
600, 2, 100
600, 3, 95.3333
600, 4, 85.1667
600, 5, 59.8333
600, 6, 40.3333
600, 7, 26
600, 8, 18.5
600, 9, 9.16667
600, 10, 6.5
600, 11, 4.66667
600, 12, 1.66667
600, 13, 1.66667
600, 14, 0.5
600, 15, 0.5
600, 16, 0
600, 17, 0.166667
600, 18, 0.5
600, 19, 0.333333
600, 20, 0.5
