Number of Hash Functions, k, Jaccard Similarity
700, 0, 100
700, 1, 100
700, 2, 100
700, 3, 95.7143
700, 4, 83.7143
700, 5, 62.1429
700, 6, 36.2857
700, 7, 26.5714
700, 8, 15.8571
700, 9, 10.2857
700, 10, 6.28571
700, 11, 2.71429
700, 12, 1.42857
700, 13, 1.85714
700, 14, 0.714286
700, 15, 0.571429
700, 16, 0.285714
700, 17, 0.142857
700, 18, 0.428571
700, 19, 0.428571
700, 20, 0.428571
