Number of Hash Functions, k, Jaccard Similarity
750, 0, 100
750, 1, 100
750, 2, 100
750, 3, 97.0667
750, 4, 84.1333
750, 5, 66.1333
750, 6, 36
750, 7, 27.8667
750, 8, 14.4
750, 9, 8.4
750, 10, 6.93333
750, 11, 4.93333
750, 12, 1.86667
750, 13, 1.73333
750, 14, 0.8
750, 15, 0.4
750, 16, 0.933333
750, 17, 0.133333
750, 18, 0.4
750, 19, 0.4
750, 20, 0.4
