Number of Hash Functions, k, Jaccard Similarity
550, 0, 100
550, 1, 100
550, 2, 100
550, 3, 97.4545
550, 4, 82
550, 5, 59.6364
550, 6, 39.0909
550, 7, 26.1818
550, 8, 19.6364
550, 9, 9.81818
550, 10, 6.54545
550, 11, 3.63636
550, 12, 1.81818
550, 13, 1.81818
550, 14, 1.09091
550, 15, 0
550, 16, 0.181818
550, 17, 0.181818
550, 18, 0.545455
550, 19, 0.545455
550, 20, 0.545455
