Number of Hash Functions, k, Jaccard Similarity
450, 0, 100
450, 1, 100
450, 2, 100
450, 3, 97.1111
450, 4, 84.6667
450, 5, 54.2222
450, 6, 40.2222
450, 7, 25.3333
450, 8, 19.3333
450, 9, 13.1111
450, 10, 5.33333
450, 11, 3.55556
450, 12, 2.66667
450, 13, 2.44444
450, 14, 0.666667
450, 15, 0.444444
450, 16, 0.444444
450, 17, 0.222222
450, 18, 0.666667
450, 19, 0.444444
450, 20, 0.444444
