Number of Hash Functions, k, Jaccard Similarity
650, 0, 100
650, 1, 100
650, 2, 100
650, 3, 94.6154
650, 4, 82.9231
650, 5, 65.5385
650, 6, 39.2308
650, 7, 26.4615
650, 8, 15.2308
650, 9, 7.69231
650, 10, 5.69231
650, 11, 5.07692
650, 12, 2.30769
650, 13, 1.23077
650, 14, 1.07692
650, 15, 0.307692
650, 16, 0.615385
650, 17, 0.307692
650, 18, 0.461538
650, 19, 0.461538
650, 20, 0.615385
