Number of Hash Functions, k, Jaccard Similarity
900, 0, 100
900, 1, 100
900, 2, 100
900, 3, 97.1111
900, 4, 87.1111
900, 5, 59.6667
900, 6, 40.1111
900, 7, 26.5556
900, 8, 12.7778
900, 9, 10.3333
900, 10, 7.44444
900, 11, 4.88889
900, 12, 1.55556
900, 13, 2.22222
900, 14, 1.11111
900, 15, 0.222222
900, 16, 0.222222
900, 17, 0.555556
900, 18, 0.333333
900, 19, 0.333333
900, 20, 0.444444
