Number of Hash Functions, k, Jaccard Similarity
350, 0, 100
350, 1, 100
350, 2, 100
350, 3, 96.2857
350, 4, 87.1429
350, 5, 63.1429
350, 6, 39.4286
350, 7, 24.5714
350, 8, 15.1429
350, 9, 8.57143
350, 10, 4.85714
350, 11, 4.28571
350, 12, 2.28571
350, 13, 0.857143
350, 14, 1.14286
350, 15, 0.571429
350, 16, 0.571429
350, 17, 0.285714
350, 18, 0.571429
350, 19, 0.571429
350, 20, 0.857143
