Number of Hash Functions, k, Jaccard Similarity
850, 0, 100
850, 1, 100
850, 2, 100
850, 3, 96.7059
850, 4, 84.5882
850, 5, 63.0588
850, 6, 39.5294
850, 7, 25.6471
850, 8, 15.7647
850, 9, 10.5882
850, 10, 5.41176
850, 11, 4
850, 12, 2.94118
850, 13, 1.52941
850, 14, 1.64706
850, 15, 0
850, 16, 0.117647
850, 17, 0.117647
850, 18, 0.470588
850, 19, 0.352941
850, 20, 0.235294
