Number of Hash Functions, k, Jaccard Similarity
950, 0, 100
950, 1, 100
950, 2, 100
950, 3, 96.1053
950, 4, 85.5789
950, 5, 65.3684
950, 6, 41.3684
950, 7, 28.8421
950, 8, 13.6842
950, 9, 9.36842
950, 10, 8.73684
950, 11, 4.21053
950, 12, 2.10526
950, 13, 1.78947
950, 14, 0.842105
950, 15, 0.421053
950, 16, 0.315789
950, 17, 0.105263
950, 18, 0.315789
950, 19, 0.315789
950, 20, 0.315789
